guest_id,phone,email,created_at
71,055-9405313,ggopsill0@harvard.edu,2023-08-19 10:35:19
72,050-3320458,kllorens1@marketwatch.com,2025-10-29 06:32:02
73,055-6538452,ecashford2@webs.com,2025-02-11 11:44:30
74,053-6729275,rpringell3@fc2.com,2026-01-19 07:26:48
75,053-4138697,fgotling4@ameblo.jp,2023-12-27 22:25:48
76,050-5486930,enorrey5@creativecommons.org,2025-03-14 13:57:30
77,050-3557824,kburk6@reference.com,2022-05-22 14:19:23
78,058-5905118,mhedgeman7@devhub.com,2026-01-07 21:48:03
79,058-3315291,ccollman8@soundcloud.com,2023-05-14 11:05:14
80,053-4404641,kroscoe9@bravesites.com,2023-03-13 03:26:22
81,058-7082817,dbreitlera@ezinearticles.com,2025-11-20 08:01:07
82,055-2953991,csouterb@accuweather.com,2025-05-09 23:36:21
83,058-5210139,scasleyc@youtu.be,2025-11-10 19:25:00
84,054-0606938,dbettisd@ftc.gov,2023-12-25 22:25:50
85,058-1137844,tfirbye@indiatimes.com,2025-03-28 08:37:38
86,052-7785248,bveltenf@irs.gov,2024-03-25 22:57:40
87,053-5572245,dwelhamg@com.com,2022-09-24 10:52:11
88,050-1565137,jchsteneyh@sfgate.com,2024-08-08 09:47:24
89,052-9331776,rsamwayei@nba.com,2024-06-14 07:58:17
90,050-3177804,igautreyj@multiply.com,2022-08-11 10:20:47
91,055-7103103,nmckaink@1und1.de,2025-11-26 00:50:39
92,050-8229241,lmolinel@discovery.com,2025-12-01 08:35:59
93,054-5186626,eschankelm@tinypic.com,2024-10-30 07:54:55
94,058-2673726,ckeattchn@addtoany.com,2025-08-21 02:41:07
95,052-1326588,mferrieroio@goo.ne.jp,2026-03-27 15:45:37
96,054-8167857,ireariep@weather.com,2025-03-27 12:31:30
97,058-4839492,tpembridgeq@prlog.org,2022-10-03 06:56:54
98,050-5830255,dhaddowr@who.int,2025-08-30 03:05:54
99,054-9132549,ablanchards@lulu.com,2025-02-09 02:56:10
100,052-3049356,rpartingtont@pbs.org,2024-10-23 08:13:52
101,050-0041690,kslinnu@jimdo.com,2025-08-24 12:27:14
102,058-5299353,sbrontv@cnn.com,2025-01-08 05:24:42
103,055-9442310,rbatecokw@mit.edu,2023-04-30 20:28:43
104,054-6689311,tschmuhlx@smh.com.au,2025-02-10 13:21:33
105,053-4059939,wyurocjhiny@lulu.com,2024-06-22 01:47:05
106,055-5138504,gpriverz@go.com,2023-01-04 05:05:11
107,053-1606137,wisworth10@yellowpages.com,2024-11-17 17:02:09
108,054-1978811,tnevin11@imgur.com,2026-03-24 21:53:18
109,050-2875321,mtheakston12@hatena.ne.jp,2024-09-11 21:12:03
110,053-2261882,rpummell13@about.com,2022-08-19 08:23:45
111,058-8952233,dkinningley14@google.com.br,2024-12-14 22:14:12
112,052-0812594,sleonardi15@wordpress.com,2022-08-18 15:11:00
113,054-8179335,mwilcocke16@nationalgeographic.com,2026-03-17 02:36:47
114,053-5997896,fdurrell17@sciencedaily.com,2026-03-14 03:56:40
115,055-6523202,fguidelli18@reference.com,2025-04-03 19:10:39
116,053-1352482,pabrahmson19@ted.com,2025-03-26 19:16:45
117,052-1267499,edebanke1a@dion.ne.jp,2023-11-14 08:18:03
118,050-1638308,tfalkingham1b@yolasite.com,2024-05-20 01:34:45
119,054-8335567,hhaglinton1c@elegantthemes.com,2025-10-26 05:46:24
120,053-7375830,bpitrelli1d@fc2.com,2025-03-22 05:16:34
121,052-3260253,rlinner1e@example.com,2022-12-17 08:09:56
122,054-6776694,edorset1f@aol.com,2022-05-21 04:29:53
123,058-7314760,jdurie1g@dailymotion.com,2025-01-14 08:47:18
124,053-3919903,hgodden1h@mapy.cz,2025-01-14 01:22:03
125,052-0773393,cprimak1i@ameblo.jp,2025-11-04 20:39:08
126,050-6780926,awych1j@oakley.com,2024-10-09 16:09:38
127,055-7370257,amacro1k@noaa.gov,2024-05-07 20:40:26
128,054-6184418,nstrugnell1l@yandex.ru,2023-09-02 00:34:30
129,052-6572536,dcleverley1m@omniture.com,2025-03-31 13:14:41
130,058-1122925,livic1n@imgur.com,2023-08-11 22:51:27
131,053-1572715,rilling1o@usgs.gov,2022-09-02 20:43:47
132,055-2807913,plampitt1p@studiopress.com,2022-05-31 14:19:40
133,052-0194235,nmatzeitis1q@cnn.com,2025-03-23 02:51:36
134,058-4471557,cneve1r@chronoengine.com,2023-06-20 00:22:56
135,054-0278656,jcrecy1s@wufoo.com,2025-06-30 20:42:36
136,052-2213523,rspeke1t@slashdot.org,2024-01-14 15:52:42
137,053-7742482,sbartolomeoni1u@acquirethisname.com,2023-08-15 04:47:35
138,050-7406093,ady1v@google.fr,2023-03-28 00:54:14
139,055-8739289,ejore1w@washingtonpost.com,2024-05-07 15:17:25
140,050-6336038,tpetters1x@sohu.com,2023-09-15 21:36:03
141,058-9743846,atwiddy1y@ocn.ne.jp,2026-01-04 05:17:50
142,055-7849333,rjustice1z@ihg.com,2024-04-20 19:40:37
143,052-4301675,klerego20@w3.org,2024-01-19 11:41:31
144,053-5815129,bshowering21@buzzfeed.com,2025-02-18 14:55:28
145,055-3580345,edickerline22@columbia.edu,2026-01-17 00:57:42
146,053-6697837,bwaterfall23@businessinsider.com,2022-12-14 01:04:09
147,054-6001146,gmuzzini24@abc.net.au,2024-06-19 19:21:14
148,054-5309615,rvedeniktov25@barnesandnoble.com,2023-03-09 11:49:37
149,053-6211506,lromaint26@si.edu,2022-08-17 22:39:00
150,052-5595917,rgroger27@pagesperso-orange.fr,2025-01-07 16:19:17
151,052-4454447,atzarkov28@scientificamerican.com,2024-06-16 17:19:11
152,054-3297373,lsprott29@wiley.com,2023-12-24 09:00:11
153,054-1750624,mhindrick2a@woothemes.com,2025-05-10 00:30:38
154,050-6151422,lzapatero2b@nps.gov,2025-02-01 09:06:00
155,053-3197720,rfeifer2c@surveymonkey.com,2022-08-26 22:53:55
156,052-9013535,aspinks2d@dedecms.com,2022-11-15 10:15:02
157,055-9060309,kkibble2e@wordpress.org,2022-10-21 11:18:09
158,058-2195578,slarmouth2f@salon.com,2023-12-13 19:53:40
159,050-5664539,ycasbon2g@state.gov,2023-06-18 21:17:42
160,054-9766757,cblackaller2h@nationalgeographic.com,2022-05-24 08:09:47
161,054-9754108,wpersicke2i@typepad.com,2022-07-25 20:14:42
162,052-3013906,lwindram2j@hubpages.com,2024-08-04 10:50:41
163,058-2820753,mgauler2k@nps.gov,2025-03-08 19:37:49
164,055-6012852,apickston2l@abc.net.au,2024-03-27 06:50:10
165,053-9379933,sgunby2m@vk.com,2025-05-15 13:32:01
166,053-3830411,nkestell2n@archive.org,2024-01-10 18:11:06
167,050-2834165,frawls2o@techcrunch.com,2023-02-23 00:52:20
168,052-4849498,tnettles2p@xinhuanet.com,2023-06-10 15:50:00
169,052-2027339,epeasegood2q@usgs.gov,2023-01-14 04:13:19
170,054-8529903,gdaouze2r@pagesperso-orange.fr,2026-01-21 09:40:09
171,055-7730113,bstilling2s@webnode.com,2022-12-08 12:19:25
172,058-1122430,rzute2t@examiner.com,2026-01-14 17:58:43
173,058-7727911,ablagbrough2u@reference.com,2023-11-20 21:46:57
174,054-7653104,kcust2v@opera.com,2025-03-16 09:39:28
175,058-6448719,mrossander2w@pen.io,2026-01-21 17:14:27
176,050-8302444,cburds2x@toplist.cz,2022-11-16 00:17:04
177,052-7778471,civanin2y@constantcontact.com,2023-10-30 18:24:40
178,054-8214619,brudyard2z@yellowpages.com,2023-09-30 12:12:03
179,058-4690168,cantram30@soundcloud.com,2023-05-18 00:18:28
180,058-1674505,egirard31@desdev.cn,2023-05-02 17:36:24
181,053-5069451,pflucks32@europa.eu,2023-06-22 21:21:55
182,054-5529036,ahursey33@nasa.gov,2026-02-21 02:26:35
183,054-7618596,lewbanks34@webnode.com,2022-07-11 07:04:27
184,053-7175103,cchadbourn35@businessinsider.com,2022-11-20 14:18:55
185,054-1244210,arule36@netlog.com,2025-08-12 08:36:58
186,055-7816372,ptieraney37@chronoengine.com,2024-11-13 11:49:21
187,055-3604714,gizchaki38@illinois.edu,2022-08-28 17:31:53
188,052-8234312,btiltman39@reuters.com,2025-10-10 14:32:03
189,050-4278094,hwillcocks3a@geocities.jp,2025-08-16 23:03:20
190,053-1306767,atynan3b@ebay.com,2026-03-30 01:53:48
191,055-9272051,fbourgour3c@icq.com,2023-04-12 18:50:41
192,055-5297995,crodway3d@skype.com,2024-05-31 10:11:56
193,053-9137660,iclubbe3e@hhs.gov,2024-03-30 20:32:46
194,058-5384599,lklehyn3f@cafepress.com,2022-10-20 09:54:57
195,055-7359173,ishakesby3g@netlog.com,2022-05-29 16:08:55
196,053-2089066,cishaki3h@w3.org,2025-05-16 22:00:52
197,050-1500979,fpeople3i@ameblo.jp,2024-03-13 22:42:37
198,055-5684541,tfogel3j@patch.com,2022-10-26 08:13:24
199,055-5193560,mcrownshaw3k@studiopress.com,2025-01-19 19:37:51
200,055-4573911,mantoniades3l@cnet.com,2026-02-11 17:08:54
201,054-5364065,hlamps3m@mtv.com,2025-01-15 01:12:45
202,053-9804545,kshepherdson3n@163.com,2023-10-23 09:11:38
203,050-5431373,lcalbert3o@dropbox.com,2024-10-15 06:58:37
204,058-0394029,hsibbit3p@mashable.com,2022-05-31 10:29:41
205,058-5769000,jtreadway3q@jimdo.com,2023-05-18 00:25:08
206,053-4538131,rcerith3r@baidu.com,2024-02-26 09:42:20
207,052-1129214,alishmund3s@barnesandnoble.com,2022-08-26 01:32:46
208,053-5668844,lmauchlen3t@163.com,2025-07-07 14:31:21
209,050-3845259,oroyden3u@adobe.com,2022-08-27 00:17:13
210,058-5557564,rorman3v@ebay.co.uk,2024-01-15 13:02:39
211,053-9070484,rrumbelow3w@shareasale.com,2024-10-29 21:51:43
212,052-6525202,hrablan3x@exblog.jp,2024-04-11 03:10:46
213,055-8257051,orobion3y@tripod.com,2024-01-31 08:34:38
214,055-1053943,dfalkingham3z@netlog.com,2024-12-25 09:56:48
215,050-0971460,gtellenbroker40@patch.com,2022-06-25 21:54:09
216,055-2019164,schittock41@furl.net,2025-08-14 00:11:59
217,050-2271839,amasters42@google.cn,2025-07-07 19:26:53
218,052-8558968,rdasent43@techcrunch.com,2022-06-26 16:25:46
219,052-9381643,gpembridge44@diigo.com,2025-01-21 21:29:26
220,053-8055779,kfilgate45@seattletimes.com,2022-10-04 20:58:33
221,053-8622792,gbraemer46@blogspot.com,2025-12-14 19:37:51
222,054-7529853,pcrampsey47@example.com,2025-02-21 16:57:09
223,058-9336617,hroyle48@time.com,2023-12-01 06:20:30
224,053-4835977,rmaple49@epa.gov,2022-11-27 03:46:56
225,054-5435335,svonoertzen4a@alexa.com,2026-03-11 01:59:33
226,054-0590124,jbartoszewski4b@cbslocal.com,2024-10-23 22:01:30
227,053-1085202,hloweth4c@gov.uk,2025-08-20 06:21:34
228,053-2079869,jlondesborough4d@mashable.com,2024-07-23 07:15:27
229,052-6181214,cmichurin4e@g.co,2025-10-19 19:00:16
230,058-3309997,ggolding4f@nyu.edu,2022-08-12 20:45:41
231,055-4789124,rgallemore4g@studiopress.com,2025-04-02 08:20:13
232,058-3889324,dalvar4h@sogou.com,2025-05-09 11:53:31
233,050-1193217,brottenbury4i@nps.gov,2022-05-30 01:09:14
234,052-1548673,hjanczewski4j@youtube.com,2022-08-16 12:31:03
235,052-0081180,cbeswetherick4k@mail.ru,2022-10-15 08:34:31
236,050-2745046,tfrench4l@github.io,2023-06-29 10:12:55
237,050-8927183,atongs4m@list-manage.com,2025-09-06 21:26:54
238,054-9122828,gbarkes4n@free.fr,2024-12-08 12:02:56
239,058-0308387,hreadings4o@flavors.me,2025-05-12 00:53:24
240,050-2110856,krafferty4p@sogou.com,2023-09-10 18:50:03
241,054-8543413,tclemence4q@walmart.com,2025-06-24 16:08:38
242,058-1030668,cklezmski4r@multiply.com,2022-08-29 09:12:00
243,058-9368657,ggoldwater4s@apache.org,2024-06-06 02:03:29
244,050-3945772,lvondrasek4t@youtu.be,2024-11-23 06:23:01
245,058-3364004,tdudbridge4u@bigcartel.com,2025-10-24 23:36:30
246,050-6870257,cbeacom4v@spiegel.de,2022-06-12 14:23:34
247,050-0351980,agallaher4w@theatlantic.com,2023-07-05 23:20:37
248,053-6588028,njanek4x@networksolutions.com,2023-01-20 06:53:11
249,053-5922873,nchappel4y@va.gov,2024-03-21 14:15:06
250,058-5940996,bstelli4z@biblegateway.com,2025-09-22 21:47:49
251,052-1533687,pmaccrae50@auda.org.au,2023-11-16 05:49:35
252,052-2571049,pbarribal51@archive.org,2023-09-27 03:44:23
253,050-3366289,nzute52@vinaora.com,2025-09-02 03:37:07
254,050-9758313,gpail53@nydailynews.com,2023-11-08 04:37:47
255,058-8974279,etaggett54@paginegialle.it,2023-02-15 08:46:02
256,050-4755548,cvanderdaal55@spiegel.de,2026-01-03 11:19:53
257,053-9413472,calwell56@reverbnation.com,2023-06-04 01:58:30
258,055-1069642,gcaseley57@vk.com,2025-12-17 19:14:59
259,050-1398477,cgladdor58@bloglines.com,2022-11-05 23:33:03
260,052-7318988,cmoggie59@constantcontact.com,2024-07-20 18:55:14
261,058-2582750,lpetican5a@flickr.com,2022-08-30 13:55:00
262,050-9039705,jfranzel5b@ucla.edu,2023-07-19 00:05:23
263,050-0362553,mschout5c@comsenz.com,2023-08-30 23:12:25
264,053-7656186,ngreenshiels5d@umich.edu,2024-05-10 12:55:27
265,053-0119901,bmulloch5e@slashdot.org,2022-12-18 11:08:47
266,054-7054402,dsollowaye5f@google.nl,2025-10-30 04:54:28
267,052-8655759,cconnew5g@dot.gov,2025-05-10 05:27:14
268,053-3467025,lurwin5h@nytimes.com,2024-02-08 13:58:59
269,058-1681891,kfillan5i@plala.or.jp,2024-01-15 01:42:16
270,055-9861372,npinching5j@tamu.edu,2026-01-24 00:00:13
271,053-0648105,ayendall5k@surveymonkey.com,2024-02-19 00:45:19
272,053-9417577,mquartly5l@flickr.com,2025-07-24 23:44:10
273,050-8540654,wobrollachain5m@marriott.com,2023-11-03 20:35:35
274,058-0849739,dskellion5n@gmpg.org,2022-08-16 13:46:40
275,055-8725182,yemons5o@wired.com,2025-02-10 11:39:44
276,058-7925657,itriggel5p@google.de,2025-09-17 21:13:37
277,053-2539622,syesipov5q@amazon.com,2024-03-30 01:57:50
278,054-5802360,ewingfield5r@upenn.edu,2023-06-03 13:48:37
279,054-1457373,swerendell5s@i2i.jp,2026-02-23 11:41:17
280,058-9936287,rmaccafferky5t@deliciousdays.com,2024-03-03 06:27:30
281,053-2248682,jludlem5u@angelfire.com,2025-05-02 04:31:17
282,058-5309672,dsigsworth5v@engadget.com,2022-07-05 17:03:35
283,058-0127062,ffarbrace5w@devhub.com,2025-03-05 20:13:06
284,055-2570694,hmarson5x@meetup.com,2025-02-07 13:48:39
285,058-5819386,trambaut5y@odnoklassniki.ru,2022-06-14 03:42:21
286,052-2927780,apusey5z@nationalgeographic.com,2026-03-07 17:44:18
287,055-8682603,ebecarra60@yellowpages.com,2023-09-15 12:57:09
288,053-7442436,nbalmer61@amazonaws.com,2022-11-24 12:21:42
289,055-5545555,psaggers62@hc360.com,2024-01-25 23:49:05
290,055-5037929,ahue63@sciencedirect.com,2023-07-13 18:19:45
291,058-4628755,eharlett64@yandex.ru,2024-10-15 02:08:02
292,050-4896142,slangcastle65@barnesandnoble.com,2023-12-22 18:48:41
293,058-0856088,senser66@chron.com,2023-02-02 21:30:55
294,052-0503029,ring67@sbwire.com,2024-06-03 12:47:57
295,058-7034840,cglede68@umn.edu,2022-06-09 14:54:24
296,053-3964511,cmcaline69@mayoclinic.com,2024-01-01 09:42:33
297,054-9076159,rturl6a@example.com,2025-10-08 08:52:05
298,058-9642259,rbaiss6b@japanpost.jp,2026-01-28 02:53:39
299,058-7751878,ncastleton6c@upenn.edu,2023-03-14 07:45:51
300,053-7710637,prosas6d@pagesperso-orange.fr,2025-06-26 11:16:41
301,053-1213652,tcarnaman6e@springer.com,2023-04-03 08:37:12
302,054-2221990,dhugnet6f@prweb.com,2025-06-13 04:51:51
303,055-5366649,jjilkes6g@nba.com,2025-04-25 19:47:14
304,054-6517885,cgamlin6h@symantec.com,2024-04-22 01:34:08
305,053-7398977,egrinham6i@sbwire.com,2024-06-24 05:03:34
306,055-3628328,dwhitten6j@mysql.com,2025-09-24 05:31:20
307,055-2077068,myesipov6k@addthis.com,2026-02-14 03:00:42
308,054-3599592,tmanifield6l@globo.com,2023-10-18 13:01:18
309,054-7917285,cosipov6m@china.com.cn,2023-05-29 10:34:36
310,055-9673173,fboswood6n@businessinsider.com,2023-12-26 11:15:14
311,058-5097521,lrivel6o@e-recht24.de,2024-02-21 07:57:04
312,053-5037585,kgollin6p@hostgator.com,2024-07-28 16:14:45
313,055-6522711,cgorring6q@admin.ch,2024-12-05 04:36:17
314,053-9866832,crassell6r@unesco.org,2023-05-22 13:41:36
315,050-5451631,kgonnin6s@ox.ac.uk,2024-07-09 02:30:21
316,058-5696295,gniland6t@geocities.jp,2026-01-08 02:34:21
317,052-4395196,llubomirski6u@etsy.com,2022-12-21 21:07:17
318,053-3756249,tanger6v@examiner.com,2025-01-12 00:21:18
319,058-1153718,eshearston6w@exblog.jp,2023-05-28 05:00:33
320,050-4270678,wmcalinden6x@ucoz.com,2023-12-20 14:47:23
321,050-8049794,aboulter6y@merriam-webster.com,2023-09-26 08:45:00
322,058-5959960,ejager6z@youtu.be,2023-11-26 03:21:02
323,058-7501285,kmccardle70@digg.com,2023-07-22 19:36:51
324,050-3968838,imaltman71@bluehost.com,2025-05-18 17:05:52
325,053-9767405,rdornan72@last.fm,2025-02-05 18:52:36
326,058-4818705,brawdales73@php.net,2024-11-16 04:10:12
327,058-4267067,gshimmans74@linkedin.com,2024-05-12 19:01:27
328,055-3140703,togrady75@craigslist.org,2026-03-03 09:25:02
329,054-5041588,lplanke76@homestead.com,2025-06-23 11:26:05
330,055-9193800,klutty77@ameblo.jp,2025-10-18 07:41:40
331,053-6359763,nbolsteridge78@mapy.cz,2025-03-06 02:31:44
332,055-3081481,agrigolon79@hibu.com,2026-01-01 12:36:30
333,054-2592501,efreire7a@rakuten.co.jp,2024-07-25 04:07:21
334,053-5205161,cmcnab7b@cocolog-nifty.com,2023-10-23 23:19:01
335,054-2845031,bsoars7c@arstechnica.com,2023-08-01 17:58:43
336,058-7892663,bmcmonnies7d@omniture.com,2026-02-01 23:00:06
337,055-5989658,creschke7e@jimdo.com,2025-02-09 11:24:21
338,055-9127098,edignan7f@mit.edu,2026-02-22 15:17:11
339,055-2307250,tlewin7g@so-net.ne.jp,2026-01-05 07:03:32
340,052-5295268,aweeds7h@geocities.com,2024-05-22 02:03:16
341,050-3916740,mbrougham7i@wisc.edu,2025-08-05 05:42:28
342,050-7056024,cvenner7j@youtu.be,2023-07-10 20:31:43
343,054-3392281,twhiskerd7k@amazon.co.uk,2022-08-31 22:19:55
344,054-3808166,tmacculloch7l@census.gov,2025-02-16 21:14:13
345,053-2258813,mpetris7m@indiatimes.com,2022-08-16 07:38:12
346,054-6018395,cdormand7n@cyberchimps.com,2025-08-31 07:36:45
347,052-9953745,ocavanaugh7o@tinypic.com,2025-12-27 05:45:09
348,055-0929825,vmattiazzo7p@multiply.com,2025-06-06 19:22:28
349,050-1413894,nscargle7q@cnn.com,2026-02-28 04:30:37
350,058-0138919,zschechter7r@deviantart.com,2025-01-19 05:06:14
351,053-8476685,ecomberbeach7s@zdnet.com,2023-07-21 01:39:16
352,055-7798734,gwhiterod7t@eventbrite.com,2023-01-30 21:27:01
353,053-5914235,rbiset7u@msn.com,2023-08-08 17:46:19
354,053-0289693,jthormann7v@privacy.gov.au,2025-11-13 20:18:25
355,055-7162247,kmcvie7w@phoca.cz,2025-12-24 00:33:22
356,052-3495273,vdurrett7x@home.pl,2023-03-25 05:58:00
357,058-5558184,jraddenbury7y@aboutads.info,2022-07-17 11:12:18
358,050-8171736,rborgnol7z@photobucket.com,2023-11-10 05:09:50
359,055-1482081,agregoraci80@cdc.gov,2024-11-13 04:45:36
360,054-6473184,hhaggerston81@icio.us,2023-03-10 19:27:18
361,058-0995219,gzieme82@prweb.com,2025-12-02 05:38:22
362,052-1755548,fcrankhorn83@cnn.com,2024-12-22 20:29:21
363,050-5331334,cbeebee84@about.me,2023-08-18 01:33:47
364,058-0068625,ustitt85@google.com.br,2022-10-15 16:16:47
365,055-3119804,sdumelow86@mlb.com,2022-09-27 16:47:50
366,054-7907666,jgrealey87@netscape.com,2023-02-12 13:08:40
367,052-1959233,kfried88@icq.com,2024-02-28 21:21:18
368,053-3758841,odavidofski89@bloglovin.com,2024-07-09 01:39:05
369,054-9505754,lguly8a@slideshare.net,2024-04-12 11:07:02
370,058-8351535,wbowdler8b@statcounter.com,2023-08-01 14:02:41
371,050-0127438,hhankins8c@so-net.ne.jp,2024-12-22 22:23:51
372,055-7127367,gbroxap8d@mozilla.com,2024-12-02 13:51:53
373,054-3420823,cfydo8e@comsenz.com,2022-07-06 09:44:27
374,050-8194202,dphayre8f@squarespace.com,2025-05-08 21:36:42
375,052-1201079,aasser8g@msu.edu,2022-05-12 15:40:35
376,052-5741548,slaity8h@twitpic.com,2025-12-23 12:44:49
377,055-6187010,dsteljes8i@netscape.com,2024-10-16 07:41:09
378,052-7125990,fthoresby8j@istockphoto.com,2025-09-18 00:43:03
379,055-5273667,tsorley8k@usda.gov,2025-12-16 04:47:44
380,050-6961866,gtomley8l@scribd.com,2022-07-21 18:45:48
381,058-8185488,fberard8m@networksolutions.com,2025-01-06 23:10:21
382,055-6626932,mdrinnan8n@homestead.com,2023-04-06 22:12:51
383,058-8239158,ggalley8o@state.gov,2025-08-05 19:03:45
384,054-0829565,sgoodrich8p@xrea.com,2025-12-29 10:14:16
385,050-5554514,jdoogood8q@bing.com,2023-11-08 20:27:31
386,054-5327001,dtokell8r@statcounter.com,2025-07-27 04:32:28
387,053-8572975,nsimmill8s@unc.edu,2023-09-21 05:00:32
388,052-3676303,gdanko8t@fema.gov,2024-02-05 18:31:14
389,058-8340208,squixley8u@squarespace.com,2023-01-13 13:09:48
390,054-8271801,mfagan8v@phoca.cz,2025-02-05 11:02:45
391,050-8071771,jbargh8w@miibeian.gov.cn,2024-06-27 03:27:58
392,053-0019088,ktimmens8x@google.com.br,2025-03-24 17:20:23
393,058-2603929,sclapham8y@tmall.com,2022-07-29 14:44:09
394,058-6120841,gdowson8z@google.nl,2023-03-27 06:55:16
395,053-8416661,vskeats90@lycos.com,2025-10-10 00:16:46
396,050-9082443,sduhamel91@earthlink.net,2025-05-30 14:03:53
397,050-7853001,ptringham92@angelfire.com,2025-08-01 19:54:50
398,050-1460924,jbeyne93@usa.gov,2023-04-16 01:40:56
399,054-4088935,opierton94@imgur.com,2025-03-18 12:24:05
400,055-1177578,tgritten95@wordpress.org,2023-08-25 04:39:45
401,054-6332198,letuck96@unicef.org,2024-01-24 22:50:03
402,052-5322398,away97@wiley.com,2026-02-15 10:32:52
403,052-6109674,rtolliday98@ameblo.jp,2026-01-12 23:31:31
404,053-3101694,ggarfield99@purevolume.com,2024-12-11 21:45:06
405,052-3118877,krockhill9a@hp.com,2022-08-29 00:25:11
406,053-2002898,sszach9b@princeton.edu,2023-11-03 09:36:01
407,052-2434549,djuste9c@smugmug.com,2022-07-18 07:18:59
408,055-4111087,vdecaze9d@oaic.gov.au,2022-12-15 14:09:50
409,050-6445478,etowle9e@rambler.ru,2025-10-29 17:32:31
410,053-5572850,tradolf9f@oracle.com,2023-03-10 12:23:41
411,055-1548828,aantcliff9g@technorati.com,2025-01-13 21:24:46
412,058-8117330,erowland9h@webeden.co.uk,2025-05-06 09:15:14
413,055-8006252,fcapelow9i@tinypic.com,2024-02-03 06:22:08
414,055-6550169,hblundin9j@sun.com,2025-02-26 13:46:30
415,058-2031073,sdodshon9k@technorati.com,2025-08-08 06:36:59
416,055-9177212,mffrenchbeytagh9l@cdc.gov,2025-04-30 12:35:10
417,054-7246366,dgrealy9m@elegantthemes.com,2023-05-12 12:53:10
418,058-1971478,ctooke9n@intel.com,2023-11-16 08:57:40
419,053-8339797,jtrusty9o@delicious.com,2023-02-13 03:22:04
420,052-5599887,mphilpot9p@amazon.de,2023-01-02 12:54:30
421,058-1975676,clambole9q@archive.org,2024-01-27 03:20:47
422,052-0030339,psorby9r@addtoany.com,2022-07-26 05:27:53
423,053-1483625,cnancekivell9s@wikia.com,2022-11-16 14:54:48
424,058-4334469,dsambeck9t@smugmug.com,2023-03-06 01:18:41
425,058-8387421,wdunthorn9u@infoseek.co.jp,2024-08-03 06:20:10
426,055-9709533,apaynter9v@purevolume.com,2025-08-30 20:30:23
427,050-4484338,frowntree9w@google.nl,2026-03-12 10:04:21
428,058-6580176,rblanchard9x@senate.gov,2022-07-17 01:29:02
429,052-1697964,rgraeme9y@squidoo.com,2023-05-05 19:03:00
430,053-7654085,mitshak9z@people.com.cn,2022-10-14 08:11:55
431,053-3894768,lcawkwella0@forbes.com,2022-10-30 11:43:20
432,054-5411985,hyeabsleya1@4shared.com,2023-02-19 18:42:00
433,054-3770092,hchrispa2@bravesites.com,2026-02-07 02:28:59
434,052-4300405,ssaicea3@ustream.tv,2023-01-19 16:43:38
435,050-6236240,mdarleya4@4shared.com,2024-05-24 16:54:55
436,058-5719129,bbowfina5@elpais.com,2022-09-28 02:14:00
437,058-8607313,ecoenraetsa6@ow.ly,2024-03-04 01:22:45
438,050-3575429,qtierneya7@youtube.com,2024-02-20 01:31:46
439,050-0262013,rpercya8@deliciousdays.com,2025-11-04 19:53:14
440,058-8009903,cmarchenta9@smh.com.au,2024-01-18 11:40:44
441,055-0777076,skahanaa@biglobe.ne.jp,2025-09-05 09:00:21
442,055-7135751,cblaikab@blogs.com,2024-01-03 19:21:07
443,054-8685912,dmcclarenceac@macromedia.com,2022-08-12 19:44:57
444,053-6156062,jguerrieroad@soundcloud.com,2023-11-26 13:10:06
445,050-1490553,tdismanae@over-blog.com,2026-03-08 03:13:34
446,058-9298636,ffloundersaf@sogou.com,2023-07-28 11:40:53
447,050-4906629,econgdonag@slashdot.org,2022-10-31 11:23:44
448,054-2003946,gakidah@apache.org,2026-01-21 08:21:48
449,055-6626476,amellodeyai@xinhuanet.com,2024-07-16 09:33:47
450,058-5329194,gschulteraj@xinhuanet.com,2025-08-12 19:49:25
451,052-7787068,gstilwellak@bigcartel.com,2025-12-06 06:41:19
452,058-6190936,dberendsenal@miitbeian.gov.cn,2024-11-16 13:52:42
453,054-1089401,vcollingtonam@goodreads.com,2023-05-08 18:24:45
454,055-4652992,pkynettan@slideshare.net,2022-12-08 19:46:48
455,050-3412062,kranshawao@dagondesign.com,2024-04-25 21:16:09
456,052-8622294,bglassardap@i2i.jp,2022-11-19 15:46:18
457,055-0118060,mboveraq@oakley.com,2022-10-19 09:54:12
458,050-0158610,mszapiroar@google.co.jp,2023-05-29 11:08:51
459,052-0973020,searpas@themeforest.net,2024-07-04 20:32:38
460,053-9698265,abondsat@bloglines.com,2023-02-05 09:33:14
461,058-2201420,wfardenau@wp.com,2025-05-30 16:50:26
462,050-5199297,rscandredav@upenn.edu,2023-05-14 07:40:03
463,055-4478705,edominecaw@over-blog.com,2024-04-21 22:50:57
464,052-7146417,lpickerax@reddit.com,2023-01-01 23:17:39
465,058-1687900,ethoresbyay@loc.gov,2023-09-03 06:26:48
466,054-8033904,pmilsteadaz@studiopress.com,2024-10-27 05:58:52
467,053-2841831,nsimonoub0@lulu.com,2023-07-27 17:23:50
468,053-3230667,kroundb1@reuters.com,2025-12-11 02:55:25
469,052-0013299,wseersb2@geocities.jp,2025-01-18 09:58:57
470,050-7767210,lleefeb3@parallels.com,2022-07-05 04:26:58
471,053-0514979,kslefordb4@baidu.com,2025-01-02 12:12:38
472,050-4161353,ewhatesb5@upenn.edu,2026-01-30 05:20:29
473,054-2974290,cwhitehouseb6@facebook.com,2024-11-06 19:29:13
474,058-6762294,lbrugmanb7@miibeian.gov.cn,2024-12-17 04:35:20
475,052-6903084,jsiretteb8@amazon.de,2022-09-18 05:56:01
476,053-2314019,lmahedyb9@prnewswire.com,2024-08-24 01:52:51
477,053-1450036,bhumba@yelp.com,2022-08-28 13:29:26
478,053-8433558,bprinbb@pagesperso-orange.fr,2024-05-10 13:41:58
479,052-6789737,lmalterbc@fda.gov,2022-12-02 15:34:34
480,058-0618531,cchalmersbd@icio.us,2022-09-10 02:41:28
481,050-1247007,jschererbe@paypal.com,2025-11-19 12:16:17
482,050-6266169,fcastanonebf@odnoklassniki.ru,2025-05-01 05:29:09
483,053-2494299,olewardbg@time.com,2023-01-11 08:47:58
484,058-6266200,rboughenbh@cmu.edu,2025-08-15 16:42:36
485,052-2188449,abernardesbi@globo.com,2024-05-20 16:02:43
486,052-9845911,gmeakbj@tiny.cc,2024-04-11 13:37:42
487,058-4747220,jklaasbk@amazonaws.com,2025-05-06 15:53:00
488,058-1038504,jgrinishinbl@cam.ac.uk,2023-08-20 16:17:53
489,053-3601790,jjenkinsbm@google.co.jp,2023-04-28 20:34:51
490,052-4183453,dpettbn@google.fr,2024-05-28 01:45:33
491,058-4291121,bscudderbo@google.fr,2025-11-04 03:01:28
492,058-0503201,toverpoolbp@wired.com,2023-06-02 18:42:02
493,055-6957551,mbawlebq@yellowpages.com,2024-02-18 22:19:03
494,055-9514825,lmccronebr@forbes.com,2024-11-12 14:05:07
495,054-2765876,rgooddingbs@nydailynews.com,2023-07-31 15:13:04
496,058-4236654,ffineybt@twitter.com,2022-07-09 17:57:30
497,053-7483972,tcarrabottbu@sourceforge.net,2024-03-22 17:08:44
498,052-4560624,chumberbv@engadget.com,2022-05-16 19:40:30
499,052-1598438,mfendleybw@opensource.org,2022-10-20 10:53:06
500,052-5682368,lkaddbx@loc.gov,2024-04-28 19:49:52
501,050-6375647,cbrussellby@nifty.com,2024-04-28 12:31:20
502,053-6148812,fokillbz@ucoz.com,2025-05-22 18:54:59
503,054-1650751,jmathiec0@1und1.de,2023-03-04 10:32:11
504,054-6279787,clegonc1@arizona.edu,2024-10-09 19:07:16
505,054-2144267,achartresc2@gmpg.org,2026-01-08 18:31:02
506,050-7948305,cboggsc3@xinhuanet.com,2024-05-09 07:26:37
507,052-5904578,lchoulesc4@cpanel.net,2024-06-29 02:33:10
508,058-6553720,lcolbournc5@prlog.org,2024-11-21 13:13:43
509,055-8158611,gmccookc6@t-online.de,2025-10-15 08:17:41
510,052-0733080,acousansc7@squidoo.com,2024-01-11 16:08:25
511,050-3154223,avenmorec8@answers.com,2022-10-26 23:09:17
512,054-8185513,sbaumc9@yelp.com,2024-10-03 16:05:58
513,058-8864427,tsanzioca@about.me,2022-06-26 19:49:12
514,050-4617550,jmackenneycb@bluehost.com,2023-05-07 05:22:16
515,054-6633105,cescreetcc@cornell.edu,2024-01-21 18:21:33
516,053-8115666,rpentelowcd@vistaprint.com,2023-03-06 02:56:53
517,058-7719648,clambdince@vkontakte.ru,2025-02-05 04:27:56
518,058-8565325,dthreshercf@hc360.com,2026-04-08 08:57:25
519,054-2881017,hkinsellcg@taobao.com,2024-11-28 15:23:42
520,055-4033744,sbartolomach@reference.com,2025-07-11 11:55:14
521,053-2778093,rmcphelimyci@virginia.edu,2025-08-28 08:35:59
522,053-2289916,bgreenleycj@godaddy.com,2023-12-26 01:04:05
523,054-2413246,hcoomesck@addtoany.com,2023-07-26 23:55:42
524,053-1411668,plitelcl@adobe.com,2024-03-22 03:40:04
525,054-8829940,hblaineycm@myspace.com,2023-01-29 00:17:12
526,053-1184402,aseawardcn@amazon.de,2022-12-12 09:27:52
527,054-7716451,abeckenhamco@washingtonpost.com,2024-06-08 23:25:22
528,052-0968380,bplackstonecp@dailymotion.com,2023-03-14 01:01:23
529,052-6946585,cdownagecq@cmu.edu,2022-12-21 04:15:15
530,055-2944184,rgonsalocr@joomla.org,2024-11-27 09:40:58
531,053-4703415,mpeoplescs@wisc.edu,2022-08-31 21:19:56
532,058-6357643,ldorinct@free.fr,2025-01-19 23:36:04
533,053-2034198,aeversfieldcu@ifeng.com,2024-02-03 04:38:26
534,058-2295933,sgehringercv@prlog.org,2025-10-24 18:08:52
535,053-2876054,cnottoncw@yandex.ru,2023-07-12 19:59:52
536,053-7108814,acristofaninicx@mozilla.com,2023-04-18 16:33:18
537,058-2248608,jkupkecy@pinterest.com,2023-01-07 14:30:26
538,050-0611732,ahabbalcz@shareasale.com,2026-02-23 22:13:12
539,050-1874435,ashiresd0@blogger.com,2026-04-13 18:25:34
540,050-8649989,nroulstond1@php.net,2022-07-20 19:30:16
541,050-3347503,sgedlingd2@topsy.com,2025-03-25 17:57:01
542,050-5152760,rtabourierd3@netlog.com,2023-01-29 23:28:40
543,053-9272421,ogoalbyd4@cpanel.net,2024-11-14 22:47:43
544,053-9449869,chookd5@myspace.com,2024-03-04 16:38:30
545,052-1864449,aclemettsd6@usda.gov,2022-09-29 11:09:50
546,058-4446837,bcloaked7@arizona.edu,2022-12-05 09:35:39
547,058-3171142,jcrisfordd8@squarespace.com,2025-02-11 18:11:06
548,052-1704805,jlinsteadd9@unicef.org,2024-05-24 06:42:44
549,054-4318212,loxtabyda@webs.com,2024-07-25 21:36:21
550,054-3644297,bburdelldb@meetup.com,2023-07-12 19:54:07
551,050-7269174,cheavendc@mediafire.com,2023-09-08 09:36:55
552,054-7459815,fmcneicedd@pcworld.com,2026-04-05 04:00:53
553,050-8411490,fsimenelde@linkedin.com,2026-04-03 04:03:52
554,050-4930763,pfideledf@odnoklassniki.ru,2025-10-20 17:24:05
555,058-0447564,sknappendg@marriott.com,2025-05-19 02:10:51
556,055-4034325,ncockliedh@last.fm,2023-04-11 16:05:55
557,053-7239784,jmunghamdi@ox.ac.uk,2023-12-13 16:13:16
558,050-5457033,atadddj@parallels.com,2023-03-18 16:23:29
559,058-6519450,jscarrottdk@mlb.com,2025-01-28 02:19:01
560,050-7825050,ibazelledl@netlog.com,2026-03-10 21:24:33
561,054-9856366,lbowmakerdm@creativecommons.org,2026-03-03 08:05:05
562,050-3624743,ltrickeydn@trellian.com,2024-06-16 14:08:18
563,052-5981822,tpoutondo@pagesperso-orange.fr,2023-05-18 20:15:01
564,050-3916707,ecraskedp@domainmarket.com,2025-07-29 20:57:41
565,058-6245748,sandredq@usa.gov,2026-03-24 16:08:36
566,053-0758986,vgoldstondr@xrea.com,2024-09-28 08:17:37
567,050-1700163,lsigsworthds@cdbaby.com,2024-04-04 08:41:00
568,050-9093419,imoritdt@shutterfly.com,2025-03-16 21:25:40
569,052-8551325,vdalglieshdu@house.gov,2023-08-23 19:17:11
570,055-0755613,ecullumdv@jiathis.com,2025-06-03 22:19:31
571,054-9756696,vmcginneydw@squidoo.com,2024-03-13 11:32:27
572,054-4729632,mhoylanddx@nasa.gov,2026-03-04 01:12:50
573,052-9798599,ehillsdy@oracle.com,2023-10-17 19:57:23
574,052-5175743,egrimmedz@typepad.com,2023-06-05 19:11:41
575,053-3117648,mzmitroviche0@woothemes.com,2024-11-30 04:04:18
576,050-2786575,roconcannone1@smugmug.com,2023-07-16 00:02:18
577,052-2339904,bevettse2@w3.org,2024-09-04 15:31:06
578,053-7913410,abulbrooke3@discovery.com,2025-05-24 21:17:33
579,053-5113513,ddobbyne4@oakley.com,2022-10-11 06:10:27
580,052-0756460,khubnere5@altervista.org,2025-02-08 21:35:03
581,053-1650334,caysike6@archive.org,2023-03-15 21:44:57
582,054-6486059,amcnellye7@amazon.com,2025-07-14 05:15:29
583,055-0283513,eromainee8@google.com.hk,2025-11-19 21:13:39
584,055-7243839,dwrigleye9@state.gov,2022-10-14 11:06:14
585,054-2401510,woxbroughea@feedburner.com,2026-03-31 05:29:46
586,058-5944654,brupertoeb@cbsnews.com,2025-05-31 05:20:34
587,055-6244549,wgazzardec@cocolog-nifty.com,2023-03-08 16:50:21
588,058-7048276,vkocked@dropbox.com,2022-12-01 09:58:16
589,053-0783228,bguisleree@nytimes.com,2025-12-10 10:54:16
590,053-7508371,mjusteref@moonfruit.com,2022-09-06 23:11:31
591,052-3955518,tmarkleweg@ibm.com,2023-04-18 05:36:53
592,050-5414852,rsoldnereh@cbslocal.com,2025-10-16 23:21:21
593,053-0322809,molageneei@yahoo.co.jp,2026-02-21 07:23:40
594,055-3248667,aadamkiewiczej@flickr.com,2022-06-20 19:49:19
595,055-8464158,lgoodsellek@psu.edu,2024-02-20 21:53:02
596,052-1804193,aomulderrigel@instagram.com,2024-05-14 06:51:46
597,053-6116552,pmcphailem@prlog.org,2022-10-28 15:50:23
598,055-7132419,dsommersen@ed.gov,2022-09-26 17:49:14
599,052-8782453,imannieeo@blogtalkradio.com,2024-09-16 22:54:45
600,054-8063561,heidlerep@list-manage.com,2025-06-21 04:20:54
601,052-8891471,zgodboldeq@independent.co.uk,2024-02-29 09:46:55
602,058-2903506,bcattoer@spotify.com,2024-08-28 07:18:14
603,053-2718589,lmcphilipes@unblog.fr,2025-06-15 15:54:22
604,055-4978480,abutterfintet@jalbum.net,2023-11-23 22:28:15
605,052-4761962,eredgraveeu@go.com,2023-02-10 20:38:17
606,055-7263686,lvousdenev@google.cn,2023-07-21 23:35:00
607,054-4716448,agutridgeew@mapquest.com,2023-09-13 16:45:03
608,053-0293663,achableex@aboutads.info,2023-12-03 05:09:30
609,055-0275508,lmottey@bizjournals.com,2023-01-24 08:38:37
610,058-4360832,mflindallez@tripadvisor.com,2026-01-08 14:49:30
611,054-4165782,pfranklinf0@webmd.com,2024-12-24 20:34:05
612,054-8517918,btanslyf1@is.gd,2022-10-06 16:18:16
613,050-2388723,nnuttf2@cargocollective.com,2022-05-22 10:10:12
614,053-7125688,acalcraftf3@cisco.com,2024-03-09 15:24:53
615,052-1620561,scowgillf4@theglobeandmail.com,2022-09-30 11:28:42
616,053-1385529,ehugonetf5@facebook.com,2025-08-06 23:27:41
617,054-7601731,mhumblestonef6@unc.edu,2023-10-30 21:13:36
618,054-9294867,dtuddallf7@apple.com,2023-03-11 11:32:51
619,058-6162187,aesparzaf8@engadget.com,2022-11-02 04:00:45
620,058-7025413,jcafferkyf9@google.cn,2024-10-01 23:21:45
621,058-8193060,bnotofa@wordpress.org,2025-08-31 11:39:40
622,055-5718680,kroysonfb@php.net,2023-05-05 18:03:04
623,054-2683926,ogudgionfc@dyndns.org,2023-04-01 12:51:57
624,050-2601023,nkrugerfd@omniture.com,2025-12-25 11:31:00
625,053-3066853,scossellfe@list-manage.com,2022-06-11 03:55:31
626,054-9391884,ttoddff@comsenz.com,2024-09-21 10:36:25
627,052-7308520,lleathemfg@google.com.br,2024-02-15 10:50:53
628,050-6472459,hholtomfh@bravesites.com,2024-04-26 08:54:53
629,053-2172068,garborfi@webnode.com,2022-09-21 19:33:15
630,050-7519841,elehrfj@washingtonpost.com,2022-11-29 19:18:49
631,054-1037277,lvanwaadenburgfk@wix.com,2025-06-17 17:08:00
632,050-6551483,faimfl@icio.us,2024-09-09 20:35:14
633,058-0319137,sdeethfm@meetup.com,2025-04-28 06:08:43
634,055-4926267,pliptrotfn@arstechnica.com,2023-11-30 17:33:05
635,050-2271039,fmacpakefo@businesswire.com,2022-12-05 20:58:15
636,052-0390838,gphilotfp@is.gd,2025-07-01 10:44:52
637,054-5139428,jcolenuttfq@oakley.com,2022-10-31 12:33:40
638,052-0496638,klamperdfr@usda.gov,2024-06-02 20:02:08
639,054-5881477,jmasterfs@wordpress.com,2024-07-31 23:56:49
640,054-1654405,ttrumpeterft@shareasale.com,2024-02-14 15:18:20
641,052-7741222,eantognonifu@google.de,2023-06-05 13:58:28
642,058-9127876,hwithullfv@umn.edu,2025-07-12 07:41:44
643,055-7455561,lseathwrightfw@goo.gl,2026-01-29 09:28:39
644,052-2117576,ncornforthfx@tmall.com,2024-08-10 19:30:37
645,053-4350894,dciobotarofy@typepad.com,2024-11-28 04:10:03
646,052-0014098,mmclemonfz@jimdo.com,2023-08-18 01:45:08
647,052-9899844,dhearneg0@cpanel.net,2023-04-05 05:13:00
648,054-1760826,jdearleg1@arstechnica.com,2025-06-02 13:35:56
649,055-0400992,sgobeauxg2@yandex.ru,2024-05-21 03:08:00
650,054-0335737,fdaneletg3@goo.ne.jp,2024-03-01 00:43:17
651,058-9566863,alawransong4@bloomberg.com,2022-08-08 23:03:49
652,058-1526743,hmangenetg5@fema.gov,2025-08-01 10:22:01
653,052-2132616,malling6@hhs.gov,2022-08-09 02:49:59
654,050-1156002,hponderg7@de.vu,2025-03-08 14:30:28
655,053-4543841,bbunneyg8@ucla.edu,2023-03-09 04:13:00
656,050-5752521,uenzleyg9@accuweather.com,2023-09-09 12:02:29
657,052-6621596,sgaudonga@gizmodo.com,2022-06-21 05:54:58
658,052-8062639,plangegb@sfgate.com,2025-10-27 22:50:25
659,050-2107377,ajunesgc@ycombinator.com,2024-06-15 08:37:07
660,058-4253895,cstaresmearegd@foxnews.com,2025-02-01 15:38:21
661,058-4461312,dmanningge@github.io,2026-02-24 11:57:01
662,055-7793257,fsumnergf@oaic.gov.au,2025-10-02 16:44:18
663,055-9964452,ldemangelgg@oakley.com,2023-01-02 04:33:35
664,052-6685740,cwaynegh@desdev.cn,2026-03-30 18:35:11
665,052-3238925,ldanbrookgi@yahoo.co.jp,2023-08-19 16:23:02
666,052-6853085,nmassimigj@weebly.com,2025-12-13 12:53:09
667,054-6235572,wreedmangk@ebay.co.uk,2024-03-02 12:49:54
668,053-2688180,farmitagegl@addthis.com,2023-01-02 13:08:59
669,054-6613030,tadneygm@yandex.ru,2023-11-01 17:37:50
670,058-1808314,rpapworthgn@joomla.org,2025-12-24 17:46:27
671,054-5879867,ksienego@webnode.com,2025-01-24 05:45:24
672,053-3236090,svallergp@nifty.com,2022-09-04 16:35:48
673,052-3904459,mgolightlygq@angelfire.com,2023-03-28 14:22:44
674,050-1340405,deppgr@latimes.com,2024-05-31 17:11:46
675,058-5720538,dmicogs@cmu.edu,2025-12-27 05:03:52
676,052-1484413,jmaccleaygt@globo.com,2024-11-26 04:40:52
677,052-8113561,velengu@amazon.co.jp,2023-12-21 07:53:15
678,053-6400375,jbartzengv@jiathis.com,2025-02-26 22:55:20
679,052-4704265,gbirkgw@icq.com,2022-05-13 21:40:12
680,058-9357050,sflatmangx@t-online.de,2024-06-27 16:00:41
681,052-7529008,aspilsburiegy@ning.com,2025-12-24 16:05:11
682,055-8769556,ctomankiewiczgz@oakley.com,2025-10-01 20:48:07
683,052-5867238,erosternh0@slashdot.org,2024-03-24 00:26:47
684,050-5228929,rbaronh1@list-manage.com,2024-12-13 16:23:58
685,053-0962508,gjirah2@mlb.com,2025-05-08 09:14:30
686,054-3926745,mbrayshayh3@mashable.com,2024-07-15 19:08:34
687,050-9914043,bcucuzzah4@people.com.cn,2023-10-05 02:12:19
688,054-2973504,movenh5@goodreads.com,2026-04-04 14:10:20
689,053-8478496,mgatlandh6@blogger.com,2025-09-29 18:39:16
690,053-9249584,cgandarh7@over-blog.com,2023-12-01 11:41:34
691,053-7108862,awasbroughh8@alibaba.com,2022-09-05 23:15:09
692,050-7224946,ghamblinh9@istockphoto.com,2022-12-02 00:07:15
693,053-3626393,bbadwickha@google.de,2025-04-18 12:32:31
694,054-4652771,sladewighb@delicious.com,2025-12-02 02:54:45
695,052-9139363,ltoselandhc@pbs.org,2022-11-29 12:14:58
696,058-7894614,tniecehd@sphinn.com,2023-01-16 19:20:46
697,055-6044235,sschotthe@unicef.org,2023-09-02 01:09:54
698,050-1530004,jwaithf@odnoklassniki.ru,2023-07-05 16:13:58
699,053-6688760,sgorwoodhg@mit.edu,2024-02-02 23:28:01
700,050-8435053,tdwellinghh@rambler.ru,2023-12-17 20:25:51
701,052-6047215,kkilnerhi@economist.com,2025-03-03 00:53:51
702,053-8330781,cdegiorgishj@sun.com,2023-09-21 12:15:21
703,058-3271344,sbaudassohk@miitbeian.gov.cn,2022-08-26 05:42:32
704,053-1186655,hkieferhl@exblog.jp,2025-02-16 06:09:21
705,058-8658166,bgreensitthm@tmall.com,2022-08-11 13:32:48
706,050-8665733,esemirashn@google.com,2024-03-02 05:36:41
707,055-0746676,jwatmoughho@virginia.edu,2024-02-04 18:31:11
708,052-7383620,gbrungerhp@webs.com,2026-03-12 16:28:50
709,055-6553784,jpedrollohq@360.cn,2025-05-26 00:50:26
710,053-6125789,bcloverhr@webnode.com,2025-03-01 20:22:15
711,053-3447300,jmenhenitths@mediafire.com,2024-06-29 22:04:49
712,055-8238669,cabeauht@state.gov,2023-04-27 10:24:05
713,058-5004312,mgoliglyhu@merriam-webster.com,2025-10-19 21:42:40
714,053-9313844,kjevonhv@1688.com,2023-11-05 22:20:31
715,058-6200291,aharrildhw@imgur.com,2024-07-03 22:23:28
716,050-3734147,hweavershx@tripadvisor.com,2025-11-24 17:35:40
717,050-9695079,zsmorthithy@abc.net.au,2023-08-23 10:04:23
718,055-4401003,tsumptionhz@comcast.net,2024-02-12 04:37:44
719,052-5470375,bbingalli0@flavors.me,2024-05-24 07:28:45
720,055-6492172,hknowldeni1@so-net.ne.jp,2024-03-25 12:54:16
721,058-3516571,rcoyei2@vimeo.com,2025-04-28 13:06:14
722,052-0414043,amilmorei3@discovery.com,2024-03-03 20:23:39
723,052-6899478,mspracklini4@ucoz.com,2024-07-29 16:21:34
724,050-6968752,eorltoni5@whitehouse.gov,2025-10-28 01:27:02
725,058-5472094,cattfieldi6@cloudflare.com,2023-10-07 04:28:13
726,052-1424533,bseamansi7@fc2.com,2022-05-31 07:24:47
727,054-5588296,gorderi8@godaddy.com,2023-05-08 10:45:23
728,050-7913647,djeffordi9@xing.com,2024-08-23 04:40:58
729,058-4925399,aseymarkia@ted.com,2022-07-08 11:58:21
730,052-5474931,datgerib@amazon.de,2023-01-23 23:01:15
731,050-7034483,vmccolmic@sciencedaily.com,2026-01-04 22:25:36
732,052-1731822,aaikinid@nymag.com,2022-08-11 00:20:12
733,055-8636257,jsewillie@ibm.com,2025-12-17 18:28:05
734,053-9088933,xcosgriffif@narod.ru,2025-05-26 16:56:48
735,058-1168654,gstuttig@abc.net.au,2024-07-04 03:19:36
736,055-7648936,kfrischih@webs.com,2024-04-07 17:11:59
737,050-6732254,rcoalbranii@chronoengine.com,2025-10-30 22:41:45
738,054-6481219,spropperij@zdnet.com,2023-07-31 05:37:59
739,055-7929124,eelwardik@dailymotion.com,2023-10-18 02:49:04
740,053-9432222,pcolquittil@mtv.com,2023-05-31 02:49:34
741,052-6033108,gdoodsonim@un.org,2024-05-10 07:02:41
742,058-9044204,ecroomein@mapquest.com,2025-03-31 15:08:29
743,055-4944030,nvelasquezio@fc2.com,2024-09-17 15:21:10
744,058-8016596,rhaglingtonip@weibo.com,2023-09-01 18:03:17
745,052-7456723,cmilesiq@ucoz.com,2025-09-07 20:07:49
746,058-8369949,nwitcherir@vistaprint.com,2022-07-26 08:18:22
747,054-2797594,dmadsenis@hugedomains.com,2025-03-14 04:17:22
748,058-5528107,krossboroughit@plala.or.jp,2024-03-31 11:29:00
749,050-8019562,hbuschiu@mit.edu,2023-05-25 03:00:12
750,050-7551427,dpetcheiv@alexa.com,2026-04-01 04:33:33
751,055-0746946,hsemradiw@cisco.com,2025-01-15 18:07:21
752,050-8383402,mbloggix@ca.gov,2024-09-04 04:17:21
753,053-2620832,cchattawayiy@bing.com,2024-05-29 20:13:17
754,054-3146630,lmarkingiz@acquirethisname.com,2025-03-19 11:45:14
755,052-5849300,mmacgianyj0@latimes.com,2022-08-25 00:29:39
756,052-5686716,mhigbinj1@ebay.com,2024-02-21 15:35:02
757,054-2869500,mtezurej2@flavors.me,2024-12-24 02:03:55
758,050-9351026,nipslyj3@amazon.co.jp,2024-12-28 07:55:37
759,058-1935351,zwestlakej4@yelp.com,2024-11-01 20:33:50
760,053-0416901,mandriesj5@twitter.com,2025-02-18 16:09:25
761,053-0356219,clapreej6@jiathis.com,2023-01-14 15:20:57
762,055-1250720,dgobeauxj7@hud.gov,2023-08-05 17:13:57
763,053-5853655,byitzowitzj8@reuters.com,2023-05-10 09:38:01
764,053-7673370,gaytonj9@tripod.com,2024-11-23 01:50:34
765,052-9611613,lkmicickija@mapy.cz,2025-05-05 22:29:30
766,058-9745845,eheusticejb@webmd.com,2022-05-15 23:36:32
767,050-3412073,ilynettjc@dropbox.com,2022-11-16 13:34:20
768,058-9192306,rsawersjd@sogou.com,2026-01-03 18:59:07
769,055-1580661,trupkeje@weather.com,2025-06-21 19:19:56
770,053-6919301,lstaynesjf@ox.ac.uk,2024-09-25 23:37:08
771,055-6297873,aantonikjg@mozilla.org,2023-10-07 22:42:50
772,050-7892517,aeynaudjh@pinterest.com,2025-12-03 19:58:58
773,055-8731151,acostallji@about.com,2024-09-04 08:48:31
774,058-6966171,bdeviljj@paypal.com,2024-07-19 06:19:45
775,052-6085555,nboydajk@sitemeter.com,2023-07-05 02:42:50
776,052-3812625,tlangelayjl@tumblr.com,2025-10-03 11:20:04
777,053-8827219,rkittemanjm@friendfeed.com,2024-05-26 17:59:54
778,058-5045251,mhackerjn@google.com,2025-06-04 00:22:45
779,055-7586573,bfearsjo@linkedin.com,2026-03-29 11:33:56
780,052-3981126,cestoilejp@vkontakte.ru,2023-12-18 17:35:18
781,050-3901592,dsizeyjq@eventbrite.com,2023-06-23 07:57:17
782,050-2159492,bgulleyjr@webs.com,2022-09-20 21:43:13
783,050-4645236,tradnedgejs@reverbnation.com,2024-10-25 14:40:01
784,053-6072929,lcrehanjt@gizmodo.com,2024-07-12 14:36:37
785,053-0861647,dpawelskiju@archive.org,2025-03-01 10:46:15
786,053-8222362,odeyjv@ihg.com,2023-01-29 21:39:25
787,054-6041633,hreuvenjw@netscape.com,2025-02-18 09:14:31
788,055-4761391,openasjx@qq.com,2025-04-17 16:41:49
789,052-9900791,gwoolvinjy@mail.ru,2024-02-29 08:20:13
790,052-6022970,gpriddyjz@hhs.gov,2023-07-06 10:27:18
791,053-5224844,jdaubneyk0@japanpost.jp,2024-05-22 09:48:19
792,053-4750501,kbarusk1@japanpost.jp,2025-11-30 12:04:48
793,058-3839263,ddugallk2@state.tx.us,2023-01-08 11:40:28
794,058-0382588,mglaviask3@icq.com,2024-11-24 10:49:40
795,053-7851362,fsuerok4@merriam-webster.com,2022-12-15 12:28:15
796,050-7815785,gpocockk5@nytimes.com,2025-12-28 18:54:16
797,055-1667632,jhazlewoodk6@wikia.com,2022-09-07 23:10:45
798,052-4478126,ogrumblek7@angelfire.com,2023-10-20 04:02:42
799,053-8530878,chalgarthk8@free.fr,2023-08-25 17:50:23
800,052-0729141,ddenhamk9@businessinsider.com,2023-09-20 23:13:14
801,053-2126467,klattyka@ucoz.ru,2025-05-22 18:09:31
802,050-5610107,hhayneskb@canalblog.com,2025-01-11 23:35:29
803,052-3795684,lgethenkc@deviantart.com,2023-12-07 14:55:57
804,058-3393267,istoakeskd@flickr.com,2025-03-28 02:16:49
805,054-7271584,cpaddemoreke@flavors.me,2022-12-06 03:34:54
806,053-2898052,tlyosikkf@cargocollective.com,2023-08-07 15:40:52
807,050-9419741,cemsonkg@pbs.org,2024-02-16 02:50:46
808,052-0277227,cghironkh@posterous.com,2022-09-08 22:14:54
809,052-5105663,nstanningki@msn.com,2025-01-14 14:32:13
810,054-2239289,cgutchkj@com.com,2025-08-21 15:23:04
811,058-2040684,faleksidzekk@comcast.net,2024-10-01 05:32:09
812,054-4064190,smcculloghkl@independent.co.uk,2023-10-26 03:21:08
813,058-7487540,rruskkm@tripod.com,2022-10-10 13:02:27
814,050-1315357,mgullkn@tuttocitta.it,2022-06-22 02:25:08
815,052-7116282,eshelsherko@vinaora.com,2024-10-10 03:45:13
816,054-6779845,spleveykp@bbc.co.uk,2024-04-16 02:43:12
817,058-2454301,fgreevesonkq@geocities.com,2024-04-26 15:05:37
818,052-3882639,mtollandkr@dot.gov,2022-06-18 15:32:20
819,050-7292798,eouryks@ifeng.com,2025-05-09 08:11:06
820,053-3720846,mcrathernkt@amazon.com,2024-12-19 18:37:25
821,050-7300006,osargintku@is.gd,2025-05-02 18:05:32
822,050-6439340,avigurskv@jalbum.net,2022-08-20 08:15:45
823,050-0058203,jwestnedgekw@creativecommons.org,2023-03-11 04:42:49
824,058-5315774,dlanegrankx@vistaprint.com,2025-03-03 22:01:17
825,050-8107919,cbaitmanky@163.com,2022-05-20 08:46:52
826,054-6022199,zcoolsonkz@github.io,2022-08-02 03:45:11
827,050-8292125,rgrattenl0@typepad.com,2023-07-28 14:32:40
828,054-0750423,bleggattl1@blogs.com,2022-12-23 21:12:41
829,052-6729395,acowilll2@domainmarket.com,2022-06-09 00:41:19
830,050-8102342,fidlel3@domainmarket.com,2024-10-16 07:03:44
831,050-6793412,lurridgel4@1und1.de,2023-06-26 08:26:29
832,053-7840660,tlevickl5@reuters.com,2022-07-11 08:15:01
833,054-1993604,acaswalll6@indiatimes.com,2024-06-03 18:35:59
834,052-4096044,dtolel7@seesaa.net,2022-10-24 01:51:33
835,052-4819103,sblaskel8@google.com.br,2025-02-22 03:15:35
836,054-4478680,crimmingtonl9@sourceforge.net,2022-11-05 13:15:38
837,058-9729322,jkeeneyla@redcross.org,2024-03-26 18:32:57
838,053-1348890,dgravelllb@people.com.cn,2025-04-30 02:07:26
839,052-0207020,kraitlc@phpbb.com,2023-05-27 22:10:33
840,058-4519267,kquennellld@cbslocal.com,2022-12-16 14:18:19
841,053-9392906,nshurmanle@yelp.com,2022-05-19 02:31:07
842,052-5162522,abissetlf@myspace.com,2024-06-04 22:49:46
843,052-0150418,hlewardlg@dmoz.org,2025-03-07 18:50:15
844,058-3599034,dhynelh@delicious.com,2023-12-02 19:39:17
845,052-1742005,rlucyli@4shared.com,2024-08-13 12:18:25
846,055-8960016,itidderlj@dailymail.co.uk,2024-11-13 06:00:54
847,053-4621060,odawidowiczlk@nhs.uk,2026-03-09 20:39:08
848,058-8354865,ssmallmanll@cmu.edu,2023-10-07 10:59:13
849,058-2357816,gedgettlm@canalblog.com,2023-10-19 08:16:16
850,052-3898945,mmacgilleln@tripadvisor.com,2026-01-05 05:10:56
851,052-1375844,hjollyelo@edublogs.org,2024-06-06 22:45:10
852,050-8095674,mbrindleylp@nature.com,2025-09-05 16:22:32
853,058-9518644,dpomfrettlq@telegraph.co.uk,2024-11-27 16:49:09
854,055-9319213,gpervoelr@shareasale.com,2022-11-03 07:52:24
855,058-4265846,sfranzolinils@guardian.co.uk,2026-03-14 09:40:43
856,055-1345482,dcasadolt@japanpost.jp,2023-12-22 06:38:41
857,058-2707931,mbennlu@usatoday.com,2025-08-17 00:22:35
858,058-2318611,bkrysztofiaklv@amazonaws.com,2023-09-07 05:13:00
859,050-5768743,lrolstonlw@sbwire.com,2024-05-31 14:56:05
860,058-7701745,gdunstanlx@tinyurl.com,2024-03-03 14:54:56
861,054-6917531,gmckimly@noaa.gov,2022-11-16 10:40:25
862,055-8658633,hmailelz@scribd.com,2022-07-13 07:51:13
863,052-2141544,ttincknellm0@google.fr,2022-08-26 07:05:18
864,054-1678421,bmutimerm1@arizona.edu,2024-06-09 14:36:05
865,050-8615158,dlearym2@google.com.hk,2025-01-18 21:48:24
866,055-8588162,bmcvaughm3@harvard.edu,2025-10-28 02:54:17
867,054-4757551,estaigm4@macromedia.com,2026-01-04 17:16:33
868,053-6058866,lkyngdonm5@comsenz.com,2025-08-21 10:54:35
869,050-1201190,ndommettm6@cyberchimps.com,2024-10-03 16:00:05
870,052-9567673,chadnym7@patch.com,2023-08-07 15:18:00
871,052-9969577,cforsythem8@paginegialle.it,2022-12-09 13:02:15
872,055-2671828,scabanm9@parallels.com,2024-10-19 05:57:27
873,054-8583073,rjarleyma@printfriendly.com,2025-03-26 01:33:04
874,053-0153283,hkippinmb@nsw.gov.au,2023-05-04 22:22:56
875,058-0966487,amcreynoldmc@skyrock.com,2025-08-11 04:00:11
876,053-4910563,tblewmenmd@huffingtonpost.com,2023-05-18 19:31:36
877,053-7395986,sluttgerme@go.com,2025-07-01 04:45:33
878,054-6201818,adurtnalmf@pcworld.com,2022-12-27 05:46:43
879,050-4735503,pwardellmg@cam.ac.uk,2023-01-20 06:03:40
880,050-8567591,mklemencicmh@virginia.edu,2025-06-16 20:57:54
881,052-3362633,bgadneymi@opera.com,2023-12-25 03:43:36
882,053-0453613,yhaberjammj@bloglovin.com,2025-01-21 07:53:49
883,050-8961249,mwheeldonmk@imdb.com,2023-10-25 10:51:14
884,050-6800947,ssummersonml@umich.edu,2024-01-18 08:36:43
885,053-7058560,fbolvermm@flickr.com,2022-07-20 22:17:36
886,054-0949217,fmaassmn@thetimes.co.uk,2025-12-25 00:34:03
887,058-0347007,hhofmo@nydailynews.com,2025-11-20 10:18:27
888,055-5781834,mmepstedmp@lulu.com,2023-09-03 03:54:30
889,052-5818993,ffieldsendmq@sakura.ne.jp,2023-08-21 07:35:08
890,050-1992738,aspriggmr@plala.or.jp,2023-12-03 20:05:08
891,058-3779559,ccobbyms@nasa.gov,2024-08-25 02:26:55
892,050-7434702,bvellamt@friendfeed.com,2023-12-07 19:02:53
893,052-8975409,rattonmu@canalblog.com,2022-07-07 09:41:11
894,053-2849016,amerrikinmv@list-manage.com,2022-08-13 05:35:33
895,052-9133588,gbowmw@123-reg.co.uk,2023-07-10 00:56:06
896,055-4530587,cmuzzinimx@meetup.com,2022-09-29 12:31:36
897,054-9998997,spaulamy@ihg.com,2026-03-16 08:26:23
898,055-4697621,imaccostyemz@scribd.com,2025-12-12 20:02:29
899,053-5459471,jdykan0@smugmug.com,2026-04-02 06:32:16
900,050-0604920,jmcnultyn1@adobe.com,2026-03-02 23:45:51
901,058-7416535,brumgayn2@webeden.co.uk,2022-11-27 20:07:41
902,054-6291560,asmallcombn3@latimes.com,2024-01-20 08:13:16
903,050-6800007,scalveyn4@mediafire.com,2026-02-27 04:46:12
904,050-7775772,gkingn5@indiatimes.com,2025-12-07 20:03:45
905,052-8997890,shelksn6@shop-pro.jp,2024-09-18 06:38:09
906,052-1714926,okirtleyn7@chronoengine.com,2024-10-26 09:46:59
907,052-2502887,iwhatesn8@timesonline.co.uk,2023-10-12 06:08:05
908,050-9262659,djosilevichn9@w3.org,2022-11-04 03:02:08
909,055-3094515,knasonna@nytimes.com,2026-03-03 14:07:05
910,054-8567970,astriplingnb@tuttocitta.it,2025-08-26 21:45:32
911,055-7411325,fbeavorsnc@umich.edu,2025-10-23 14:00:21
912,058-7878488,ddresselnd@a8.net,2026-02-20 10:51:44
913,050-7302199,rwoodesne@yelp.com,2025-12-22 14:59:42
914,052-5393116,mshewerynf@people.com.cn,2024-01-05 19:45:54
915,058-1447481,nkamiyamang@flavors.me,2024-09-05 06:52:44
916,050-9074605,jespnh@guardian.co.uk,2024-12-06 06:59:23
917,055-7134017,swynesni@feedburner.com,2023-11-12 05:53:45
918,055-8219635,cwhittleseanj@nasa.gov,2026-03-10 15:58:45
919,055-3278049,tgarcesnk@about.me,2022-10-11 02:53:56
920,058-3551782,rjeremaesnl@hibu.com,2023-04-19 07:34:08
921,058-8747487,mbowenm@hubpages.com,2023-08-18 19:36:36
922,052-8925774,jwalbynn@hatena.ne.jp,2023-02-11 22:06:22
923,053-8869447,kpetytno@webeden.co.uk,2022-08-25 11:59:16
924,054-9856918,aedgarnp@phpbb.com,2024-10-27 15:34:03
925,055-7450362,jtuitenq@bloomberg.com,2025-11-17 09:47:13
926,058-3840904,ppetraseknr@mayoclinic.com,2025-07-29 13:45:49
927,055-2941269,cmacgowns@auda.org.au,2022-11-08 11:31:37
928,052-8301418,thandfordnt@noaa.gov,2022-11-30 16:06:22
929,054-5484312,jsodorynu@ft.com,2022-08-29 10:59:35
930,050-2337527,preffordnv@bizjournals.com,2025-05-24 22:34:04
931,058-3511456,atuplinnw@de.vu,2023-08-15 16:27:26
932,050-7951389,mjeppensennx@trellian.com,2025-08-31 16:33:01
933,050-4175112,msmythinny@woothemes.com,2024-12-25 09:17:47
934,050-8150115,cblowicknz@paginegialle.it,2025-02-18 23:55:03
935,055-8588480,mdecorto0@dailymail.co.uk,2025-10-10 08:03:47
936,054-4063004,abengallo1@virginia.edu,2024-11-14 01:04:11
937,055-6124567,achafero2@cbc.ca,2022-11-14 01:51:26
938,058-8225444,gmccarrollo3@mayoclinic.com,2024-02-29 04:56:07
939,054-9449022,rphilpaulto4@huffingtonpost.com,2025-06-11 22:03:13
940,050-8288660,dstoltingo5@newyorker.com,2024-01-06 23:42:14
941,050-6709095,sforsaitho6@dedecms.com,2022-06-07 03:40:29
942,058-7711529,tsiggino7@flickr.com,2023-03-04 19:47:00
943,055-7654429,sbenazeto8@accuweather.com,2024-03-05 08:58:46
944,052-3272697,wmarishenkoo9@slideshare.net,2023-03-23 15:40:07
945,053-6446113,bstranaghanoa@businessinsider.com,2023-08-02 19:51:42
946,052-7190071,adrawmerob@youku.com,2023-02-15 12:21:11
947,058-5679695,astarroc@cisco.com,2022-11-17 09:25:23
948,052-5786355,aspinnaceod@aboutads.info,2024-11-24 00:52:10
949,050-7220714,studgeoe@merriam-webster.com,2024-07-02 19:21:25
950,053-8605222,ttruettof@npr.org,2024-02-02 05:49:54
951,055-0042105,khatherleighog@dailymail.co.uk,2024-07-06 09:35:36
952,053-9593587,gmckeeveroh@yandex.ru,2025-12-02 03:21:06
953,055-7641709,ssunnexoi@toplist.cz,2026-02-26 09:28:37
954,050-4197501,lbonefantoj@umich.edu,2023-04-13 23:54:46
955,050-8256384,cmulreanok@paginegialle.it,2026-02-09 05:31:56
956,050-0922540,mmilbyol@chicagotribune.com,2023-07-21 01:49:16
957,055-6837426,kbownom@vimeo.com,2022-05-09 00:47:17
958,054-8816797,jstrivenson@php.net,2026-01-07 00:51:01
959,058-5536840,jveryardoo@fema.gov,2024-06-29 22:38:31
960,052-1297686,etiltop@soundcloud.com,2023-06-06 16:09:34
961,052-1265666,pdaviotoq@netlog.com,2023-05-20 15:28:06
962,058-7793924,nkrzyzanowskior@springer.com,2023-07-17 22:15:04
963,053-4934826,bklugos@telegraph.co.uk,2026-02-23 22:15:54
964,054-4366515,demmensot@ca.gov,2025-03-10 13:35:31
965,052-6853834,dostridgeou@youtu.be,2024-04-03 14:31:29
966,058-7100934,vpollardov@pen.io,2023-02-13 01:23:01
967,053-0808053,ogollandow@cbc.ca,2024-03-29 20:22:19
968,052-3346898,eblackstonox@360.cn,2024-04-23 13:37:32
969,054-2173659,hcowpoy@multiply.com,2025-05-28 10:11:51
970,053-5256440,gguierreoz@instagram.com,2025-07-29 04:32:36
971,052-3301649,lmylechreestp0@csmonitor.com,2022-05-07 19:58:16
972,052-6775885,diacobuccip1@economist.com,2024-10-21 20:46:52
973,055-0487504,bkiddyp2@theglobeandmail.com,2023-01-02 10:19:16
974,055-8597578,gnovacekp3@bbb.org,2024-05-17 06:20:17
975,054-9806679,hmcculloughp4@geocities.jp,2024-07-20 11:50:45
976,050-8285058,knajarap5@nature.com,2024-09-26 14:40:47
977,053-2925761,vnunsonp6@acquirethisname.com,2023-08-24 23:43:25
978,052-4866393,wvailp7@opensource.org,2023-03-20 00:03:27
979,050-8985954,dcrickmerp8@addtoany.com,2025-11-13 23:13:05
980,052-7847417,slalorp9@dell.com,2024-08-12 19:59:30
981,053-3423619,egyverpa@springer.com,2024-06-30 18:12:58
982,058-4222523,oonealpb@tripadvisor.com,2024-01-28 15:24:35
983,052-0623769,awantpc@histats.com,2024-05-17 22:57:37
984,054-1176405,bdanettpd@arstechnica.com,2024-09-10 22:28:12
985,054-3839862,mhousleype@cnbc.com,2023-07-04 13:54:11
986,053-1058660,fguillotpf@huffingtonpost.com,2026-03-05 22:19:15
987,053-4049268,astilemanpg@rambler.ru,2026-02-26 01:47:25
988,054-4492757,khenningtonph@google.de,2022-11-11 18:14:03
989,050-9213420,gmcquirkpi@flavors.me,2022-09-25 04:37:24
990,053-7140953,bmcdermottrowpj@icio.us,2024-05-12 02:24:44
991,058-3801128,tistedpk@hao123.com,2024-07-04 05:11:45
992,053-8155659,agrosvenorpl@mashable.com,2023-02-17 08:35:26
993,054-9596040,rtonnerpm@google.com.au,2023-02-04 13:50:05
994,050-3383582,kricardpn@skyrock.com,2025-08-14 12:02:51
995,058-7088277,sbrogdenpo@studiopress.com,2023-03-23 19:32:51
996,052-1550768,cneweypp@sogou.com,2025-02-08 16:26:24
997,050-9594764,aemerinepq@etsy.com,2022-11-22 23:48:00
998,053-4288560,nanderschpr@t-online.de,2023-04-14 02:31:05
999,052-8535765,wpyattps@acquirethisname.com,2023-06-09 08:35:06
1000,050-1976698,meneaspt@seattletimes.com,2022-12-01 15:51:07
1001,055-8063205,lspareypu@slate.com,2023-10-19 16:12:11
1002,054-1169498,rsparhampv@princeton.edu,2023-02-11 03:30:48
1003,058-7000834,acutcheepw@economist.com,2022-11-07 13:04:28
1004,052-0237746,wwesgatepx@psu.edu,2025-09-10 14:47:20
1005,050-9835034,fshapirapy@dyndns.org,2026-03-01 14:58:09
1006,050-1483910,rleerepz@4shared.com,2024-03-31 18:31:59
1007,054-8767816,wsapshedq0@google.es,2025-09-08 00:40:16
1008,054-6687416,aelvyq1@desdev.cn,2023-09-05 23:30:14
1009,058-5073602,rdidsburyq2@goo.ne.jp,2022-07-29 19:59:04
1010,058-2238334,rmaffiaq3@rambler.ru,2024-06-22 11:59:02
1011,055-9214548,lfielderq4@senate.gov,2026-03-12 08:28:48
1012,053-0570157,morrettq5@tinyurl.com,2024-08-15 14:49:02
1013,052-8781646,ateaserq6@bandcamp.com,2025-09-14 00:28:20
1014,058-6667914,anuttenq7@weather.com,2023-09-28 08:42:39
1015,050-6660346,fgiannoniq8@imgur.com,2025-06-23 03:00:15
1016,053-3026088,vouletq9@bbb.org,2024-10-06 10:11:54
1017,052-9803226,hbalthasarqa@altervista.org,2026-02-15 08:42:14
1018,058-7387926,afeildenqb@squidoo.com,2025-08-31 23:12:46
1019,052-5145572,ccosgriveqc@nih.gov,2025-01-11 12:00:14
1020,058-6069725,czanassiqd@harvard.edu,2022-09-10 02:10:40
1021,054-2614422,sbosseqe@discovery.com,2024-02-29 22:34:20
1022,052-5425370,nhampshireqf@walmart.com,2025-08-04 14:21:14
1023,058-7198847,aklimshukqg@amazonaws.com,2022-12-22 21:39:57
1024,052-9866939,biwanickiqh@mozilla.org,2023-02-02 01:26:12
1025,053-0065527,asaturleyqi@toplist.cz,2022-07-11 22:03:23
1026,053-4966963,mbresmanqj@youtu.be,2025-09-21 13:28:24
1027,058-0644073,amcgrottyqk@gmpg.org,2022-05-17 03:47:33
1028,052-5109689,amcgruarql@tamu.edu,2023-04-13 00:24:05
1029,054-1086848,rbriarsqm@google.com.au,2024-07-07 03:45:14
1030,052-2522762,beacleqn@g.co,2022-08-29 02:28:52
1031,055-7699621,ssearesqo@51.la,2024-11-19 21:23:52
1032,050-1215650,rsilverlockqp@jiathis.com,2023-10-26 14:44:25
1033,052-4358849,mwyreqq@elegantthemes.com,2023-06-20 21:26:24
1034,050-0799546,gmoreyqr@guardian.co.uk,2023-06-11 13:42:15
1035,054-2140836,dcomelloqs@cloudflare.com,2024-02-12 18:26:59
1036,052-0467374,hokinneallyqt@yale.edu,2025-07-27 07:02:45
1037,058-2975028,dhurnellqu@msu.edu,2026-02-07 22:37:40
1038,055-8397087,tfouldesqv@cbc.ca,2024-12-30 23:12:07
1039,050-4675701,dfoakesqw@tinypic.com,2024-01-08 12:18:24
1040,054-0647795,amorfeyqx@123-reg.co.uk,2023-12-16 03:35:25
1041,054-1047810,sstonhamqy@is.gd,2023-10-10 02:32:04
1042,050-8117870,drumbleqz@harvard.edu,2024-10-25 06:43:22
1043,052-7610715,ymoxsonr0@google.co.uk,2024-12-09 05:31:17
1044,058-0089515,scettellr1@epa.gov,2025-01-24 13:20:50
1045,052-4359374,singlesantr2@latimes.com,2024-11-03 17:11:09
1046,054-3099492,dtomasekr3@opera.com,2023-06-07 14:17:45
1047,055-6863695,zshorterr4@webmd.com,2024-05-21 12:57:20
1048,052-8289049,mhickenr5@xing.com,2023-04-05 11:45:44
1049,052-0193820,bwinbornr6@bravesites.com,2023-10-25 21:11:43
1050,053-6633676,rsarfattir7@soundcloud.com,2025-07-28 20:51:55
1051,058-4117522,aoakwellr8@ftc.gov,2025-02-10 15:36:32
1052,050-7662394,awooffindenr9@hhs.gov,2024-07-17 22:56:44
1053,054-1039480,cyakovichra@lulu.com,2024-01-16 09:26:32
1054,058-6117376,ymarchantrb@dailymail.co.uk,2022-07-30 02:20:16
1055,052-5218100,slocklessrc@tripadvisor.com,2023-08-25 12:21:07
1056,058-1623016,tgerokrd@tinyurl.com,2024-12-20 04:21:59
1057,052-7058830,sfredianire@hibu.com,2025-10-01 16:20:23
1058,055-7154266,awynesrf@arstechnica.com,2023-06-11 02:10:42
1059,050-3027076,rleavyrg@ask.com,2025-05-13 17:44:50
1060,050-0844731,hpetruskarh@chicagotribune.com,2023-11-30 18:00:02
1061,054-2519723,zaleswellri@state.gov,2023-06-19 09:41:39
1062,058-2592138,bgreverj@virginia.edu,2023-02-21 08:28:22
1063,053-2089903,bwisonrk@yelp.com,2024-12-14 18:38:52
1064,054-2142587,ldungeyrl@jigsy.com,2025-06-17 22:05:23
1065,054-6438209,nzanicchirm@themeforest.net,2024-09-19 16:03:18
1066,055-6921192,gmcgilvrayrn@icq.com,2023-10-26 01:30:39
1067,058-2274411,sherculsonro@cpanel.net,2025-08-24 18:59:56
1068,050-2452669,gmeakerp@bloglines.com,2024-09-28 16:42:20
1069,055-9215715,mmaleckyrq@merriam-webster.com,2024-11-23 22:34:40
1070,058-1071653,kidwalevansrr@msn.com,2024-02-28 22:18:48
